	subject_ID	age	predicted age
0	sub358	27.0	35.97882082978293
1	sub1722	21.0	27.34450635752927
2	sub3119	50.0	48.57900000275839
3	sub202	22.0	27.66909688801769
4	sub1791	42.0	44.54091441303916
5	sub1796	21.0	20.524389068256085
6	sub3062	30.0	33.31496116409443
7	sub1195	43.82	41.917533467483906
8	sub2518	20.0	18.93005024975372
9	sub1638	20.0	18.0
10	sub3019	23.0	19.28859696877106
11	sub1356	20.0	18.0
12	sub986	39.0	32.334230631610524
13	sub2290	26.0	18.0
14	sub1394	24.0	18.0
15	sub1909	22.0	24.829007248698588
16	sub730	37.0	30.383662879735937
17	sub1798	23.0	31.161198175697052
18	sub2521	65.11	57.81123574157726
19	sub2552	35.0	34.315258774516394
20	sub810	24.0	29.362301150100564
21	sub1896	41.0	44.78013967564601
22	sub758	20.0	18.0
23	sub409	29.0	25.415176080081153
24	sub2226	20.0	18.0
25	sub1809	46.0	37.466440355244856
26	sub571	28.0	28.28798890499837
27	sub206	70.52	70.36054550966463
28	sub416	35.0	29.712383898267205
29	sub1951	31.96	28.751539916334593
30	sub182	23.0	30.463261456404496
31	sub2303	24.0	26.082801782562626
32	sub941	28.0	27.870005740691965
33	sub1548	18.0	19.750031729579575
34	sub2551	50.0	34.10347018775764
35	sub198	22.0	21.854447931100538
36	sub2469	60.0	61.77896096398143
37	sub792	55.0	40.813423776194384
38	sub2795	24.0	18.0
39	sub793	31.0	31.85368676261959
40	sub824	25.0	27.29853005798094
41	sub1509	27.0	23.42300069746051
42	sub1	26.0	27.209891548122584
43	sub2319	35.98	40.78251640265006
44	sub2022	50.0	46.65623197104395
45	sub1245	19.0	19.16949321808596
46	sub2731	19.0	18.0
47	sub1334	58.57	63.84617503837325
48	sub136	23.6386	28.88622706937366
49	sub439	19.0	25.730205595288396
50	sub257	21.0	25.385009205353697
51	sub3288	24.0	24.63145691148128
52	sub117	29.0	41.733323368567824
53	sub2409	30.0	24.66996368382314
54	sub2012	48.0	40.454636644389836
55	sub2970	20.0	18.0
56	sub2941	18.0	22.98956849021596
57	sub1303	48.0	42.49106071689101
58	sub3179	23.0	24.034738101450955
59	sub2422	71.21	68.93656507870782
60	sub1639	21.911	23.505175544559904
61	sub320	26.0	36.51136110846409
62	sub11	34.0	28.375711629131445
63	sub1528	22.0	19.42772642867311
64	sub2981	36.0	36.5829161485928
65	sub32	25.0	21.73825862235043
66	sub2325	24.0	26.18048922323277
67	sub1252	22.0	19.82087470170353
68	sub2405	22.0	36.66296554418585
69	sub1782	50.0	45.56931529168668
70	sub1820	33.0	25.34213902624714
71	sub3271	24.14	29.41327112225798
72	sub3257	22.0	20.58827622450707
73	sub3122	29.0	34.473140826391216
74	sub1866	49.0	41.939461846939764
75	sub924	22.0	31.175837644019055
76	sub1830	21.0	18.0
77	sub2756	75.08	74.68304664448505
78	sub172	47.0	42.62149032624819
79	sub2038	46.0	51.212124279547595
80	sub754	58.28	54.22926908282915
81	sub2897	25.0	25.893986151620254
82	sub1437	33.0	24.12758907056576
83	sub2699	28.87	33.33503944213152
84	sub2732	23.0	23.657731472989042
85	sub2455	24.0	27.376372681593864
86	sub3219	76.52	72.69018761949263
87	sub2797	41.33	31.908947380097914
88	sub900	51.88	50.44106511138142
89	sub3280	30.0	35.904430372154536
90	sub135	25.13	23.591795431088656
91	sub1967	22.0	19.29443006200762
92	sub815	65.0	55.17183027227037
93	sub2083	47.01	48.30465053038159
94	sub2147	46.17	50.618236684020474
95	sub1618	29.77	38.933161339018795
96	sub1330	39.0	38.75556260344155
97	sub2983	27.0	28.88279829289621
98	sub901	59.0	49.72830783234912
99	sub725	62.0	61.47435094471774
100	sub349	39.0	42.29637916414475
101	sub1326	71.0	55.848477451750284
102	sub1248	23.6769	32.934100969777944
103	sub2787	51.29	60.92405507594293
104	sub2773	53.0	42.273449802090624
105	sub289	26.0	28.9746672107064
106	sub2987	54.0	50.53347995367875
107	sub2341	20.0	25.11517321524633
108	sub2598	70.33	64.80677088973715
109	sub1631	24.0	24.528937214483165
110	sub1683	26.0	19.422763097116956
111	sub1977	20.0	21.816632483225646
112	sub2222	22.0	28.73630293412424
113	sub1435	32.0	49.5724655022679
114	sub884	21.0	21.25590446803261
115	sub2613	25.0	29.93036312613384
116	sub856	32.0	34.491460352341335
117	sub1398	52.0	38.616497832588436
118	sub1715	25.0	19.691088850691074
119	sub2980	22.0	22.861433088464025
120	sub1474	23.0	20.45777110589114
121	sub2484	28.0	34.985467502263134
122	sub583	27.0	31.92591146922149
123	sub2039	63.42	64.59130142149223
124	sub1649	78.58	68.88044893627301
125	sub839	30.0	31.371512372445693
126	sub1947	19.0	23.17413455779132
127	sub535	22.0	19.171856791228663
128	sub1233	24.0	25.29674238672004
129	sub66	41.0	41.85305714974601
130	sub1492	23.0	26.173364976135588
131	sub869	23.0965	23.51854711348932
132	sub2097	21.0	21.037303212986615
133	sub1422	40.0	51.23977759003918
134	sub1395	39.0	47.23494596994868
135	sub1256	33.0	28.579337488068347
136	sub632	29.0	41.435587620661124
137	sub3195	24.0	20.13236840786493
138	sub1488	33.0	44.84647972329566
139	sub2976	22.0	19.57298410315451
140	sub183	30.01	35.1500438376749
141	sub3172	49.37	47.82013007725317
142	sub205	67.0	67.90890726995138
143	sub612	31.0	36.033498859888994
144	sub149	46.0	43.112159122667606
145	sub1657	20.0	18.0
146	sub1003	21.0	23.641068735749002
147	sub1142	62.46	67.51825136229553
148	sub1596	54.28	52.536223091578165
149	sub827	21.0	18.0
150	sub769	46.01	50.810372663566056
151	sub1219	55.0	47.72790416944025
152	sub3120	25.0	18.02841860340203
153	sub2621	37.7	32.99719995510776
154	sub3155	22.0	23.448220373621723
155	sub1431	45.0	45.7895477041572
156	sub1561	52.0	36.821587226337385
157	sub2655	30.0	28.481030794762944
158	sub2050	23.11	27.46584286738988
159	sub2583	74.99	78.41934587688655
160	sub2279	22.0	25.300849483265836
161	sub603	66.9	63.520068143839296
162	sub858	54.0	47.010950509542624
163	sub1390	22.0	23.675598918733783
164	sub1640	42.51	43.14244085332729
165	sub20	21.0	22.135867708333706
166	sub983	22.0	23.773651584556944
167	sub321	56.0	63.288205639265186
168	sub2844	43.0	40.22990062393154
169	sub1306	67.33	59.76339634854202
170	sub2336	50.0	45.53011628225357
171	sub2572	57.0	50.907351681945954
172	sub1854	30.0	33.67344453111599
173	sub1449	24.0	28.509560363607477
174	sub78	35.8	27.270434393700896
175	sub529	39.04	43.221317557881946
176	sub1084	24.0	20.08310997818552
177	sub2943	20.21	18.0
178	sub2263	27.0	23.712604034071944
179	sub2743	35.99	39.71759275432868
180	sub2071	36.0	37.522998195930256
181	sub1908	26.0	28.00071892926843
182	sub2281	45.0	35.32856602477494
183	sub104	54.74	63.05488256062034
184	sub1122	22.0	26.69936761940079
185	sub2352	46.0	37.257407860711
186	sub558	21.0	26.62524240234569
187	sub1004	28.0	33.345466674707666
188	sub1061	69.69	66.96407012908202
189	sub1313	21.0	18.0
190	sub1569	20.0	24.51444198577809
191	sub171	28.0	37.902997480678266
192	sub618	25.0	22.93791377939732
193	sub1943	20.0	22.499466352346815
194	sub2918	22.0	18.0
195	sub84	39.04	41.724158445849014
196	sub3269	48.0	41.33379575486896
197	sub714	28.0	29.93940271850414
198	sub2876	22.0	24.90934099492614
199	sub949	21.0	21.348983345557087
200	sub1949	56.0	42.153234035590856
201	sub2428	59.67	64.7932041216115
202	sub2703	26.0	22.739996574173972
203	sub3091	30.0	33.88984626476412
204	sub1594	37.0	45.25374125088655
205	sub2543	22.0	22.819410767046236
206	sub1420	20.0	20.16807938605706
207	sub122	56.0	44.68169875629309
208	sub1312	50.0	47.492805800933354
209	sub741	46.59	50.44554811714596
210	sub1984	28.0	25.400000592995355
211	sub508	61.0	48.87659065758379
212	sub335	52.0	46.6534431656425
213	sub2690	25.0	26.29192462211148
214	sub1828	56.0	50.15609179023403
215	sub1188	19.0	18.0
216	sub2905	23.0	20.696547679939783
217	sub3251	30.0	33.69060219064039
218	sub2910	28.0	25.312238845132185
219	sub2968	21.0	26.26414059114967
220	sub549	24.0	24.546106629184294
221	sub338	25.0	29.209254920850697
222	sub832	23.0	26.766291208131577
223	sub2778	24.0	21.917525736990854
224	sub1735	20.0	28.634181763839194
225	sub2359	19.0	25.270171265093893
226	sub928	24.0	30.75743970629327
227	sub2229	34.0	40.0536665366937
228	sub1217	46.0	49.07376758286881
229	sub1817	73.0	78.92768165161868
230	sub2825	72.59	63.88007880741105
231	sub977	36.0	37.35937504203474
232	sub1491	20.0	24.399095004474646
233	sub3071	22.0	27.80321155219525
234	sub1236	73.02	70.80986849340906
235	sub27	23.0	24.484425047543198
236	sub550	62.0	56.439686076212354
237	sub1147	45.0	43.436706349062376
238	sub1355	28.81	31.759607184561162
239	sub1342	21.0	28.11381889885496
240	sub2317	27.0	29.940524817961602
241	sub1295	24.0	21.32637696699993
242	sub2000	61.0	57.442428485646985
243	sub2108	49.0	37.972687307057356
244	sub415	20.0	22.52096912788528
245	sub1411	25.0	26.762374047703986
246	sub1583	22.0	18.0
247	sub345	23.35	18.0
248	sub1338	65.0	59.31513759248327
249	sub1538	28.0	18.0
250	sub601	26.0	29.850373041158207
251	sub985	34.28	41.28850038635227
252	sub1752	67.0	52.87247235160129
253	sub683	35.0	29.30128988162477
254	sub825	20.0	35.66242186902326
255	sub746	38.59	41.36805328645249
256	sub2257	28.0	22.771149307972053
257	sub1159	63.4	69.06015754505205
258	sub716	39.0	28.986111756995513
259	sub3144	17.0	25.242909798969492
260	sub2439	26.0	19.14535898565572
261	sub3029	49.0	43.80925331297948
262	sub2049	21.0	24.6392722738521
263	sub52	20.0	20.388700947664518
264	sub2397	31.0	43.18519256578355
265	sub2939	27.0	27.447437736428753
266	sub89	28.0	41.59412382578165
267	sub1253	27.0	26.448546806958063
268	sub2435	51.0	42.969244053078626
269	sub3051	37.21	47.13832408657862
270	sub1141	19.0	28.100028345920407
271	sub2524	47.0	55.06039536151201
272	sub1200	57.7	48.493000634826956
273	sub2627	20.0	18.0
274	sub1954	39.0	40.99591633486506
275	sub573	66.0	56.93420692331409
276	sub809	29.78	42.81670210280953
277	sub684	26.58	26.90006583797566
278	sub1565	26.0	29.776619641503373
279	sub2343	86.0	77.35419103780094
280	sub1848	22.97	25.439150281101945
281	sub97	28.0	34.55671161464505
282	sub266	33.69	36.918230543767265
283	sub3124	22.0	18.0
284	sub310	26.0	26.687999885002853
285	sub1637	34.0	39.33194391396472
286	sub604	57.07	57.191504280066226
287	sub3228	46.0	41.842282380241784
288	sub2827	35.0	28.55215203688266
289	sub2661	28.0	28.842861033901215
290	sub268	34.0	24.623690999134112
291	sub1057	24.0	25.98160038236
292	sub1931	64.0	57.734430377634624
293	sub1442	22.0	19.187949523031136
294	sub1483	56.0	55.89050806309314
295	sub2789	60.08	67.96375633730594
296	sub186	39.0	40.257022846156076
297	sub1576	65.85	60.96434944677611
298	sub3005	19.0	19.478069102948837
299	sub706	26.0	23.809244937497795
300	sub404	19.0	18.0
301	sub2595	20.0	21.272288499610283
302	sub155	25.21	34.36363944766407
303	sub2716	21.0	36.68186797458719
304	sub1962	22.0	22.49138071334545
305	sub3227	27.0	36.87922214420786
306	sub1545	27.0	27.039069269112304
307	sub194	33.0	32.93061032562781
308	sub1009	62.0	60.46393043415236
309	sub715	23.0	33.516985610398194
310	sub582	58.0	52.34223239536294
311	sub690	28.0	25.864792666360415
312	sub2431	45.0	46.08041415318411
313	sub2919	18.0	18.0
314	sub3274	39.0	30.950065188659835
315	sub2307	51.0	45.13095962234655
316	sub1837	55.0	51.21146898035266
317	sub3214	50.0	47.404697646856846
318	sub2895	24.0	28.41170774651181
319	sub108	77.0	67.69984472882805
320	sub2764	60.02	58.72202912688789
321	sub2064	24.0	33.365858385894796
322	sub2964	44.0	31.33975502094944
323	sub1900	26.0	23.74728785557926
324	sub397	21.0	28.373123970166205
325	sub2971	31.0	34.15449667018828
326	sub2790	27.38	29.47184481445828
327	sub2430	19.0	34.16631658189971
328	sub2656	22.0	26.64065424278232
329	sub763	40.0	50.307382224068704
330	sub622	79.41	80.72836583458928
331	sub1863	83.0	78.8786955368534
332	sub3178	62.0	63.99324734490227
333	sub1895	44.99	60.490887390251544
334	sub295	77.0	74.93298332967487
335	sub1403	26.0	23.87660362171181
336	sub2070	28.0	32.22438914546882
337	sub1555	34.29	43.38300817024282
338	sub658	64.0	59.03400558374386
339	sub263	23.0	21.22663724958346
340	sub616	32.0	32.14723836512911
341	sub1161	21.0	26.915703386977555
342	sub2729	34.01	39.47263671478521
343	sub2020	43.0	46.1673828191112
344	sub2153	45.0	40.50475225871759
345	sub2065	40.0	45.95675493521884
346	sub651	86.2	87.62006115661296
347	sub128	20.0	18.0
348	sub1520	33.76	36.68983494213643
349	sub113	64.1	56.039653137733865
350	sub692	33.0	28.48337621044783
351	sub1794	53.0	67.20259947492121
352	sub3190	47.0	37.929701503458716
353	sub17	53.0	39.20384561001646
354	sub972	22.0	28.629073028722075
355	sub1093	26.88	36.949758196888695
356	sub1706	24.0	31.062211164009284
357	sub3199	29.0	32.913203240941755
358	sub3238	36.0	35.24171251812476
359	sub3077	23.0	18.0
360	sub2073	24.0	26.987348611511777
361	sub2879	52.0	55.00961577432844
362	sub1981	35.0	32.19866907474642
363	sub811	53.0	45.66068309695237
364	sub795	73.0	73.70750458279434
365	sub1059	30.7	27.77070338636412
366	sub2719	22.0	27.653487665050477
367	sub524	21.0	27.846146349013623
368	sub2635	26.0	22.548076902994296
369	sub2414	49.0	52.720598752576905
370	sub1026	37.0	36.02268443326892
371	sub3084	62.51	66.52502624793004
372	sub1884	21.0	34.40478538652832
373	sub211	19.0	18.0
374	sub711	19.0	18.81305766907525
375	sub1694	24.0	26.459039309187744
376	sub1665	23.0	19.99637345206537
377	sub1923	27.0	31.31878534800552
378	sub973	23.0	18.0
379	sub1879	88.0	77.85834495842454
380	sub3098	80.0	71.90953063368505
381	sub3044	27.0	22.360697727187187
382	sub1106	21.0	22.84641143565449
383	sub2421	23.0	24.63735077169821
384	sub383	22.0	26.46996834769078
385	sub1956	19.0	18.964311569690096
386	sub1605	46.0	37.548712976041486
387	sub88	21.0	18.0
388	sub1899	55.54	55.41923419477433
389	sub1987	47.0	50.06587119854629
390	sub362	23.0	19.865434068262118
391	sub1357	24.0	27.019836602712246
392	sub25	52.0	49.42177832641727
393	sub1476	60.4	49.28946258182776
394	sub1505	25.0	22.34831436523308
395	sub2824	24.0	36.740705263359985
396	sub2381	30.0	23.053253038740138
397	sub750	21.0	18.0
398	sub1447	20.0	18.0
399	sub217	30.0	38.67473273304648
400	sub2493	22.0	23.520832563688316
401	sub512	25.0	25.024611238608202
402	sub1480	50.0	45.78020741598101
403	sub814	38.0	39.30007333615612
404	sub2593	25.0	29.31781982043111
405	sub2886	61.0	48.8025548371258
406	sub464	24.0	28.597102421332863
407	sub2718	42.0	38.912941291164486
408	sub1535	23.0	23.389915238771835
409	sub469	24.0	27.12912842914028
410	sub1024	19.0	26.543369555744164
411	sub1543	26.0	27.63852679835844
412	sub781	27.0	30.42151805952807
413	sub2225	47.0	49.024695486347525
414	sub3086	50.0	55.595166779633644
415	sub663	57.0	56.70775411213134
416	sub698	42.0	45.71147641216629
417	sub3025	23.0	25.494180712987315
418	sub648	23.0	32.80187812004232
419	sub2264	21.0	32.83261699337817
420	sub1100	26.0	29.14521430653639
421	sub3277	27.0	26.650578720341116
422	sub191	20.0	30.40733079600585
423	sub1166	27.0	28.184066652920308
424	sub180	63.04	61.31094167266127
425	sub1203	22.57	24.06913890378854
426	sub490	28.0	27.241809389234447
427	sub3294	30.0	26.783823698218555
428	sub366	41.23	37.0812972628093
429	sub1298	25.0	31.937768898221464
430	sub2865	59.0	53.13646617435114
431	sub1942	19.0	24.085137485620805
432	sub2545	34.72	22.405821894596727
433	sub370	23.0	37.648686672822066
434	sub2055	24.0	20.189719940148905
435	sub993	35.52	38.190923047790136
436	sub3078	28.0	30.285272766035348
437	sub1082	64.0	58.301211812145254
438	sub522	20.0	28.87473575229268
439	sub607	25.0	26.181814074702004
440	sub1275	41.0	42.193243696652814
441	sub593	43.0	35.11772037836653
442	sub1805	21.0	27.793820215271523
443	sub886	23.0	25.29708666193818
444	sub2118	79.0	71.77554313197442
445	sub988	68.0	57.791720587979114
446	sub1836	27.0	34.05021703231313
447	sub73	29.0	24.280614031679022
448	sub401	59.0	47.97442389791439
449	sub1316	35.0	25.63154069184901
450	sub2252	42.0	41.61309709149208
451	sub649	27.84	22.90579521720764
452	sub2624	26.0	26.820894260422563
453	sub2135	27.73	32.932205341297674
454	sub2965	56.0	48.806672560850245
455	sub2127	29.0	32.69671238097061
456	sub2622	27.0	37.18892976931073
457	sub2625	22.0	23.400957437231853
458	sub999	30.0	37.35194343599977
459	sub2832	46.0	47.900741491530596
460	sub110	20.0	20.868587033438587
461	sub910	69.07	67.72927729100746
462	sub1048	19.0	32.24457741569648
463	sub233	30.07	22.316605197579236
464	sub1254	55.0	53.72921326082468
465	sub1378	46.0	41.329875201505445
466	sub1136	29.78	27.25704346283254
467	sub2602	76.0	83.30812895757543
468	sub645	28.0	25.380515265160454
469	sub2485	20.0	26.093727235504673
470	sub905	33.24	28.058823809244302
471	sub2659	29.0	40.49996476580253
472	sub457	25.0	28.695666228172
473	sub1675	68.0	71.24874243871471
474	sub927	19.0	23.372002871135635
475	sub1888	53.41	57.492152862900355
476	sub1064	19.0	22.943809493549622
477	sub1622	55.0	54.151679972445606
478	sub2383	24.0	22.897002566045273
479	sub3068	39.0	42.28844252021162
480	sub1926	19.0	27.98768951057599
481	sub2811	46.58	49.7355095969985
482	sub1849	18.0	18.0
483	sub1728	30.0	32.0593226407629
484	sub1760	23.0	27.823223175586634
485	sub2046	50.0	49.807047802194745
486	sub1493	24.0	30.157806510429225
487	sub1450	20.0	18.0
488	sub423	22.0	20.55992869406981
489	sub1810	29.0	23.871951520321716
490	sub1283	18.0	24.103952069338618
491	sub1696	55.0	38.64195145570528
492	sub2195	35.0	39.02932712937826
493	sub187	25.0	23.899806592268476
494	sub1071	36.0	36.953806407398304
495	sub3245	62.0	51.74798889945413
496	sub2275	18.0	24.032169833839077
497	sub685	21.0	19.949560213220764
498	sub1190	30.0	28.387026110827435
499	sub2850	41.0	34.157146642680516
500	sub2652	24.0	31.789640569871324
501	sub1677	25.0	32.88978534039114
502	sub2351	31.25	34.93045749807396
503	sub2346	68.51	77.8403577507699
504	sub3153	24.0	31.346824185015237
505	sub859	24.0	25.72743584529661
506	sub2004	27.0	28.301802590010254
507	sub2993	65.91	52.02152532461213
508	sub3141	50.0	44.35595560417295
509	sub1484	30.66	31.960711355017963
510	sub2934	72.33	69.02723999454491
511	sub2836	20.0	25.208473663356187
512	sub462	47.0	43.313356933911734
513	sub2765	35.0	35.752892140251504
514	sub3054	25.0	27.815760188474258
515	sub2848	24.88	25.963709152615763
516	sub1667	24.0	29.950212488495424
517	sub2819	20.0	26.93257964821322
518	sub3171	63.19	61.98064312947798
519	sub2156	58.0	48.3140233441556
520	sub1611	40.0	34.416771685840274
521	sub2798	41.89	43.05936451031647
522	sub2962	41.0	46.293386051727055
523	sub2078	20.0	25.680267950469613
524	sub2559	53.0	51.232423903587176
525	sub1049	54.19	40.96956850402438
526	sub2410	45.0	45.67769186315007
527	sub1966	43.46	47.528498217445474
528	sub774	40.53	41.541151152300415
529	sub2034	53.41	49.169429541384204
530	sub445	50.0	47.376209177425324
